"hip";"lat";"lon";"hr";"hd";"name";"almagest_number"
35550;-0.5;81.67;2777;56986;"55Del Gem";435
0;
0;69673;31.5;177;5340;124897;"16Alp Boo";110
0;97649;29.17;273.83;7557;187642;"53Alp Aql";288
0;71683;-41.17;218.33;5459;128620;"Alp1Cen";969
0;
11767;66;60.17;424;15826;"1Alp UMi";1
85822;70;62.5;6789;166205;"23Del UMi";2
82080;74.33;70.17;6322;150596;"22Eps UMi";3
77055;75.67;89.67;5903;142105;"16Zet UMi";4
79822;77.67;93.67;6116;148048;"21Eta UMi";5
72607;72.83;107.5;5563;131873;"7Bet UMi";6
75097;74.83;116.17;5735;137422;"13Gam UMi";7
70692;71.17;103;5430;127700;"5 UMi";8
41704;39.83;85.33;3323;71369;"1Omi UMa";9
42080;43;85.83;3354;72037;"2 UMa";10
42527;43;86.33;3403;73108;"4Pi 2UMa";11
44390;47.17;86.17;3576;76827;"8Rho UMa";12
45038;47;86.67;3616;78154;"13Sig2UMa";13
46977;50.5;88.17;3771;82210;"24 UMa";14
45075;43.83;90.5;3624;78362;"14Tau UMa";15
46733;44.33;92.5;3757;81937;"23 UMa";16
48319;42;99;3888;84999;"29Ups UMa";17
48402;44;101;3894;85235;"30Phi UMa";18
46853;35;100.67;3775;82328;"25The UMa";19
44127;29.33;95.5;3569;76644;"9Iot UMa";20
44471;28.33;96.33;3594;77327;"12Kap UMa";21
45493;36;95.67;3662;79439;"18 UMa";22
44901;33;95.83;3619;78209;"15 UMa";23
54061;49;107.67;4301;95689;"50Alp UMa";24
53910;44.5;112.17;4295;95418;"48Bet UMa";25
59774;51;123.17;4660;106591;"69Del UMa";26
58001;46.5;123;4554;103287;"64Gam UMa";27
50372;29.33;112.67;4033;89021;"33Lam UMa";28
50801;28.25;114.17;4069;89758;"34Mu UMa";29
54539;35.25;121.67;4335;96833;"52Psi UMa";30
55219;25.83;129.83;4377;98262;"54Nu UMa";31
62956;53.5;132.17;4905;112185;"77Eps UMa";33
65378;55.67;138;5054;116656;"79Zet UMa";34
67301;54;149.83;5191;120315;"85Eta UMa";35
63121;39.75;147.83;4914;112412;"12Alp2CVn";36
61317;41.33;140.17;4785;109358;"8Bet CVn";37
45860;17.25;105;3705;80493;"40Alp Lyn";38
45688;19.17;103.33;3690;80081;"38 Lyn";39
46952;20;106.17;3800;82635;"10 LMi";40
47029;22.5;102.17;3809;82741;;41
44700;20.33;101.17;3612;77912;;42
41075;22.25;90;3275;70272;"31 Lyn";43
83608;76.5;206.67;6370;154905;"21Mu Dra";44
85819;78.5;221.83;6554;159541;"25Nu 2Dra";45
85670;75.67;223.17;6536;159181;"23Bet Dra";46
87585;80.33;237.33;6688;163588;"32Xi Dra";47
87833;75.5;239.67;6705;164058;"33Gam Dra";48
90156;82.33;264.67;6923;170073;"39 Dra";49
91755;78.25;272.33;7049;173524;"46 Dra";50
90905;80.33;268.83;6978;171635;"45 Dra";51
92512;81.5;289.5;7125;174358;"47Omi Dra";52
95081;81.67;338;7371;182564;"58Pi Dra";53
94376;83;350.5;7310;180711;"57Del Dra";54
97433;78.83;7.67;7582;188119;"63Eps Dra";55
98702;77.83;352.83;7685;190940;"67Rho Dra";56
96100;80.5;10.67;7462;185144;"61Sig Dra";57
92782;81.33;21.67;7180;176524;"52Ups Dra";58
94648;80.25;26.17;7352;181984;"60Tau Dra";59
86614;84.5;73.33;6636;162003;"31Psi1Dra";60
89937;83.5;50.33;6927;170153;"44Chi Dra";61
89908;84.83;41.83;6920;170000;"43Phi Dra";62
85805;87.5;118.67;6566;158758;"27 Dra";63
86201;86.83;111.67;6596;159286;"28Ome Dra";64
81660;81.25;159;6223;151101;"18 Dra";65
82860;83;159.33;6315;153597;"19 Dra";66
83895;84.83;158.33;6396;155763;"22Zet Dra";67
80331;78;160;6132;148387;"14Eta Dra";68
78527;74.67;160.33;5986;144284;"13The Dra";69
75458;70;162.67;5744;137759;"12Iot Dra";70
67627;64.67;127.33;5226;120610;"10 Dra";71
68756;65.5;131.17;5291;123299;"11Alp Dra";72
61281;61.25;109.17;4787;109387;"5Kap Dra";73
56211;56.25;103.17;4434;100029;"1Lam Dra";74
99255;75.67;35;7750;192907;"1Kap Cep";75
116727;64.25;33;8974;222404;"35Gam Cep";76
106032;71.17;7.33;8238;205021;"8Bet Cep";77
105199;69;346.67;8162;203280;"5Alp Cep";78
102422;72;339.33;7957;198149;"3Eta Cep";79
101093;74;340;7850;195725;"2The Cep";80
108917;65.5;358.5;8417;209638;"17Xi Cep";81
112724;62.5;7.5;8694;216228;"32Iot Cep";82
109857;60.25;346.33;8494;211336;"23Eps Cep";83
109492;61.25;347.33;8465;210745;"21Zet Cep";84
109556;61.33;349;8469;210839;"22Lam Cep";85
107259;64;343.67;8316;206936;"Mu Cep";86
110991;59.5;351.33;8571;213306;"27Del Cep";87
69481;58.67;152.33;5328;124674;"17Kap2Boo";88
69713;58.33;154.17;5350;125161;"21Iot Boo";89
70497;60.17;155.33;5404;126660;"23The Boo";90
69732;54.67;159.67;5351;125162;"19Lam Boo";91
71075;49;169.67;5435;127762;"27Gam Boo";92
73555;53.83;176.67;5602;133208;"42Bet Boo";93
74666;48.67;185.67;5681;135722;"49Del Boo";94
75411;53.25;185.67;5733;137391;"51Mu 1Boo";95
75312;46.5;187.67;5727;137107;"2Eta CrB";97
75049;45.5;188.5;5709;136512;"1Omi CrB";98
73996;41.33;188.17;5634;134083;"45 Boo";99
73745;41.67;186.67;5616;133582;"43Psi Boo";100
74087;42.5;187;5638;134320;"46 Boo";101
73568;40.33;187.33;5600;133124;"41Ome Boo";102
72105;40.25;180;5505;129988;"36Eps Boo";103
71284;41.67;175.67;5447;128167;"28Sig Boo";104
71053;42.17;175;5429;127665;"25Rho Boo";105
71795;28;185.33;5477;129246;"30Zet Boo";106
67927;28;171.33;5235;121370;"8Eta Boo";107
67275;26.5;170.5;5185;120136;"4Tau Boo";108
67459;25;171.33;5200;120477;"5Ups Boo";109
76267;44.5;194.67;5793;139006;"5Alp CrB";111
75695;46.5;191.67;5747;137909;"3Bet CrB";112
76127;48;191.83;5778;138749;"4The CrB";113
77048;50.5;193.67;5855;140716;"9Pi CrB";114
76952;44.75;197.17;5849;140436;"8Gam CrB";115
77512;44.83;199.17;5889;141714;"10Del CrB";116
78159;46.17;201.33;5947;143107;"13Eps CrB";117
78493;49.33;201.67;5971;143807;"14Iot CrB";118
84345;37.5;227.67;6406;155803;"64Alp1Her";119
80816;43;213.67;6148;148856;"27Bet Her";120
80170;40.17;211.67;6095;147547;"20Gam Her";121
79043;37.17;208;6008;145001;"7Kap Her";122
84379;48;226.67;6410;156164;"65Del Her";123
85693;49.5;232;6526;158899;"76Lam Her";124
86974;52;237.67;6623;159605;"86Mu Her";125
88794;52.83;245.5;6779;166014;"103Omi Her";126
87998;54;241.67;6707;164136;"94Nu Her";127
87933;53;241.5;6703;163993;"92Xi Her";128
81693;53.17;213.83;6212;150680;"40Zet Her";129
83207;53.5;220.17;6324;153808;"58Eps Her";130
83313;56.17;220;6332;154029;"59 Her";131
83838;58.5;221.17;6377;155103;;132
84380;59.83;224;6418;156283;"67Pi Her";133
84606;60.33;225.33;6436;156729;"69 Her";134
85112;61.25;226.33;6484;157778;"75Rho Her";135
87808;61;240.83;6695;163770;"91The Her";136
86414;69.33;232.17;6588;160762;"85Iot Her";137
84835;70.25;225.33;6464;157325;"74 Her";138
85379;71.25;226.83;6509;158414;"77 Her";139
86182;72.25;229.67;6574;45995;"82 Her";140
81833;60.25;210.67;6220;150997;"44Eta Her";141
81126;63;205.33;6168;149630;"35Sig Her";142
79992;65.5;195.67;6092;147394;"22Tau Her";143
79101;63.67;193.67;6023;145389;"11Phi Her";144
78592;64.25;190.17;5982;144206;"6Ups Her";145
77760;60;191.17;5914;142373;"1Chi Her";146
75973;57.5;185;5763;138481;"52Nu 1Boo";147
80463;38.17;212.67;6117;148112;"24Ome Her";148
91262;62;257.33;7001;172167;"3Alp Lyr";149
91919;62.67;260.33;7051;173582;"4Eps1Lyr";150
91971;61;260.33;7056;173648;"6Zet1Lyr";151
92791;60;263.67;7139;45995;"12Del2Lyr";152
94481;61.33;272;7298;180163;"20Eta Lyr";153
94713;60.33;271.67;7314;180809;"21The Lyr";154
92420;56.17;261;7106;174638;"10Bet Lyr";155
92405;55;260.83;7102;174602;"9Nu 2Lyr";156
93194;55.33;264.17;7178;175815;"14Gam Lyr";157
93279;54.75;264.17;7192;176165;"15Lam Lyr";158
95947;49;274.5;7417;183912;"6Bet1Cyg";159
96683;50.5;279;7478;185734;"12Phi Cyg";160
98110;54.5;286.33;7615;188947;"21Eta Cyg";161
100453;57.33;298.5;7796;194093;"37Gam Cyg";162
102098;60;309.17;7924;197345;"50Alp Cyg";163
97165;64.67;289.33;7528;186882;"18Del Cyg";164
96441;69.67;292.5;7469;185395;"13The Cyg";165
95853;71.5;291.17;7420;184006;"10Iot2Cyg";166
94779;74;286.67;7328;181276;"1Kap Cyg";167
102488;49.5;300.83;7949;197989;"53Eps Cyg";168
102589;52.17;303.83;7963;198183;"54Lam Cyg";169
104732;44;306.67;8115;202109;"64Zet Cyg";170
103413;55.17;310;8028;199629;"58Nu Cyg";171
104060;57;314.5;8079;200905;"62Xi Cyg";172
99675;64;301.17;7735;192577;"31 Cyg";173
99848;64.5;302.67;7751;192909;"32 Cyg";174
101243;64.75;312.17;7851;195774;"46Ome2Cyg";175
104887;49.67;310.67;8130;202444;"65Tau Cyg";176
105102;51.67;313.83;8143;202850;"67Sig Cyg";177
2920;45.33;7.83;153;3360;"17Zet Cas";178
3179;46.75;10.83;168;3712;"18Alp Cas";179
3821;47.83;13;219;4614;"24Eta Cas";180
4427;49;16.67;264;5394;"27Gam Cas";181
6686;45.5;20.67;403;8538;"37Del Cas";182
8886;47.75;27;542;11415;"45Eps Cas";183
11569;47.33;31.67;707;15089;"Iot Cas";184
5542;44.33;14.67;343;6961;"33The Cas";185
6242;45;17.67;382;7927;"34Phi Cas";186
118243;50;2.33;9071;224572;"8Sig Cas";187
2599;52.67;15;130;2905;"15Kap Cas";188
746;51.67;7.83;21;432;"11Bet Cas";189
117863;51.67;3.67;9045;224014;"7Rho Cas";190
13268;37.5;31.17;834;17506;"15Eta Per";192
14328;34.5;32.67;915;18925;"23Gam Per";193
12777;32.33;27.5;799;16895;"13The Per";194
13531;34.5;30.67;854;17878;"18Tau Per";195
14632;31.17;31.5;937;19373;"Iot Per";196
15863;30;34.83;1017;20902;"33Alp Per";197
16335;27.83;35.33;1052;21552;"35Sig Per";198
16826;27.67;37;1087;22192;"37Psi Per";199
17358;27.33;37.67;1122;22928;"39Del Per";200
14668;27;30.5;941;19476;"27Kap Per";201
14576;23;29.67;936;19356;"26Bet Per";202
14817;21;29.17;947;19656;"28Ome Per";203
14354;21;27.67;921;19058;"25Rho Per";204
13879;22.25;26.83;879;18411;"22Pi Per";205
20070;28;44.83;1324;26961;;206
19167;28.17;43;1261;25642;"47Lam Per";207
19343;25;42.33;1273;26215;"48 Per";208
19812;26.25;44;1303;26630;"51Mu Per";209
20354;24.5;44.17;1350;27396;"53 Per";210
21476;18.75;46.33;1454;29094;"58 Per";211
17529;21.83;36.83;1135;23230;"41Nu Per";212
18532;19.25;38.67;1220;24760;"45Eps Per";213
18614;14.75;38.33;1228;24912;"46Xi Per";214
17448;12;34.17;1131;23180;"38Omi Per";215
18246;11;36.33;1203;24398;"44Zet Per";216
19811;18;41.83;1306;26673;"52 Per";217
19949;31;45;1314;26764;;218
13254;20.67;24.67;840;17584;"16 Per";219
28358;30;62.5;2077;40035;"33Del Aur";220
27949;31.83;62.33;2029;39283;"30Xi Aur";221
24608;22.5;55;1708;34029;"13Alp Aur";222
28360;20;62.83;2088;40426;"34Bet Aur";223
27673;15.25;61.17;2012;39003;"32Nu Aur";224
28380;13.33;62.83;2095;40312;"37The Aur";225
23416;20.67;52;1605;31964;"7Eps Aur";226
23767;18;52.17;1641;32630;"10Eta Aur";227
23453;18;52;1612;32068;"8Zet Aur";228
23015;10.17;49.83;1577;31398;"3Iot Aur";229
25984;8.5;56;1843;36371;"25Chi Aur";231
25541;12.17;56.33;1805;35620;"24Phi Aur";232
24504;10.33;50.67;1706;34195;"14 Aur";233
86032;36;234.83;6556;159561;"55Alp Oph";234
86742;27.25;238;6603;161096;"60Bet Oph";235
87108;26.5;239;6629;161868;"62Gam Oph";236
82673;33;223.33;6281;152614;"25Iot Oph";237
83000;31.83;224.67;6299;153210;"27Kap Oph";238
80883;24.5;218.33;6149;148857;"10Lam Oph";239
79593;17;215;6056;146051;"1Del Oph";240
79882;16.5;216;6075;146791;"2Eps Oph";241
86284;15;236.67;6567;159975;"57Mu Oph";242
88048;13.67;242.33;6698;163917;"64Nu Oph";243
88404;14.33;243.33;6733;164764;"69Tau Oph";244
84012;7.5;231.17;6378;155125;"35Eta Oph";245
84893;2.25;233.67;6445;156897;"40Xi Oph";246
84405;-2.25;233;6401;155885;"36 Oph";247
84970;-1.5;234.33;6453;157056;"42The Oph";248
85340;-0.33;235;6486;157792;"44 Oph";249
85755;-0.25;235.83;6519;158643;"51 Oph";250
86736;1;237.17;6595;160915;"58 Oph";251
81377;11.83;222.17;6175;149757;"13Zet Oph";252
80894;5.33;221.67;6147;148786;"8Phi Oph";253
80569;3.17;220.67;6118;148184;"7Chi Oph";254
80343;1.67;219.83;6104;147700;"4Psi Oph";255
80975;0.67;222.33;6153;148898;"9Ome Oph";256
80473;-0.75;220.67;6112;147933;"5Rho Oph";257
88149;28.17;242;6712;164284;"66 Oph";258
88192;26.33;242.67;6714;335509;"67 Oph";259
88290;25;243;6723;163544;"68 Oph";260
88601;27;243.67;6752;45995;"70 Oph";261
88771;33;244.67;6771;165777;"72 Oph";262
76852;38;198.83;5842;140159;"21Iot Ser";263
77661;40;201.67;5899;141992;"38Rho Ser";264
78072;36;204.33;5933;142860;"41Gam Ser";265
77233;34.25;202;5867;141003;"28Bet Ser";266
77450;37.25;201.33;5879;141477;"35Kap Ser";267
78554;42.5;203.17;5972;143894;"44Pi Ser";268
76276;29.25;201.67;5788;138917;"13Del Ser";269
77257;26.5;204.83;5868;141004;"27Lam Ser";270
77070;25.33;204.33;5854;140573;"24Alp Ser";271
77622;24;206.33;5892;141795;"37Eps Ser";272
77516;16.5;208.83;5881;141513;"32Mu Ser";273
80628;13.25;218.17;6129;148367;"3Ups Oph";274
84880;10.5;233.67;6446;156928;"53Nu Ser";275
86263;8.5;237;6561;159876;"55Xi Ser";276
86565;10.83;237.83;6581;160613;"56Omi Ser";277
88175;20;243.67;6710;164259;"57Zet Ser";278
89962;21.17;248.67;6869;168723;"58Eta Ser";279
92946;27;258.33;7141;175638;"63The1Ser";280
98337;39.33;280.17;7635;189319;"12Gam Sge";281
97496;39.17;276.67;7546;187362;"8Zet Sge";282
97365;39.5;275.83;7536;187076;"7Del Sge";283
96757;39;274.67;7479;185758;"5Alp Sge";284
96837;38.67;273.33;7488;185958;"6Bet Sge";285
98823;26.83;277.17;7669;190327;"63Tau Aql";286
98036;27.17;274.83;7602;188512;"60Bet Aql";287
97675;30;274.67;7560;186786;"54Omi Aql";289
97278;31.5;273.17;7525;186791;"50Gam Aql";290
98103;31.5;276;7610;188728;"61Phi Aql";291
96229;28.67;269.67;7429;184406;"38Mu Aql";292
96665;26.67;271.17;7474;185507;"44Sig Aql";293
93747;36.67;262.17;7235;177724;"17Zet Aql";294
97804;21.67;273.67;7570;187929;"55Eta Aql";295
99473;19.17;278.83;7710;45995;"65The Aql";296
95501;25;266;7377;231373;"30Del Aql";297
96468;20;268.5;7447;184930;"41Iot Aql";298
96483;15.5;269.67;7446;184915;"39Kap Aql";299
93805;18.17;261.17;7236;177756;"16Lam Aql";300
101421;29.17;287.67;7852;195810;"2Eps Del";301
101800;29;288.67;7883;196544;"5Iot Del";302
101916;27.75;288.67;7896;196755;"7Kap Del";303
101769;32;288.5;7882;196524;"6Bet Del";304
101958;33;290.17;7906;196867;"9Alp Del";305
102281;32;291.33;7928;197461;"11Del Del";306
102531;33.17;293.17;7947;197963;"12Gam2Del";307
101483;30.25;287.5;7858;195943;"3Eta Del";308
101589;31.83;287.5;7871;196180;"4Zet Del";309
101882;31.5;289;7892;196725;"8The Del";310
104987;20.5;296.33;8131;202447;"8Alp Equ";311
105570;20.67;298;8178;203562;"10Bet Equ";312
104521;25.5;296.33;8097;201601;"5Gam Equ";313
104858;25;297.67;8123;202275;"7Del Equ";314
677;26;347.83;15;359;"21Alp And";315
1067;12.5;342.17;39;886;"88Gam Peg";316
113881;31;332.17;8775;217906;"53Bet Peg";317
113963;19.67;326.67;8781;218045;"54Alp Peg";318
115250;25.5;334.5;8880;220061;"62Tau Peg";319
115623;25;335;8905;220657;"68Ups Peg";320
112158;35;329;8650;215182;"44Eta Peg";321
112051;34.5;328.5;8641;214994;"43Omi Peg";322
112440;29;326.17;8667;215665;"47Lam Peg";323
112748;29.5;327;8684;216131;"48Mu Peg";324
112029;18;318.83;8634;214923;"42Zet Peg";325
112447;19;320.5;8665;215648;"46Xi Peg";326
113186;15;321.33;8717;216735;"50Rho Peg";327
112935;16;320.5;8697;216385;"49Sig Peg";328
109427;16.5;309.33;8450;210418;"26The Peg";329
109068;16;308;8413;209747;"22Nu Peg";330
107315;22.5;305.33;8308;206778;"8Eps Peg";331
109410;41.17;323.33;8454;210459;"29Pi 2Peg";332
109176;34.25;317.33;8430;210027;"24Iot Peg";333
107354;36.83;312.33;8315;206901;"10Kap Peg";334
3092;24.5;355.33;165;3627;"31Del And";335
2912;27;356.33;154;3369;"29Pi And";336
3031;23;354.33;163;3546;"30Eps And";337
1473;32;353.67;68;1404;"25Sig And";338
1366;33.5;354.67;63;1280;"24The And";339
1686;32.33;355;82;1671;"27Rho And";340
116631;41;349.67;8965;222173;"17Iot And";341
116805;42;350.67;8976;222439;"19Kap And";342
116584;44;352.17;8961;222107;"16Lam And";343
3693;17.5;354.17;215;4502;"34Zet And";344
4463;15.83;355.67;271;5516;"38Eta And";345
5447;26.33;3.83;337;6860;"43Bet And";346
4436;30;2;269;5448;"37Mu And";347
3881;32.5;1.83;226;4727;"35Nu And";348
9640;28;16.83;603;12533;"57Gam1And";349
8068;37.33;17.17;496;10516;"Phi Per";350
7607;35.67;15.17;464;9927;"51 And";351
7513;29;12.33;458;9826;"50Ups And";352
7818;28;12;477;10205;"53Tau And";353
5434;35.5;10.17;335;6811;"42Phi And";354
6411;34.5;12.67;390;8207;"46Xi And";355
6813;32.5;14.17;417;8799;"48Ome And";356
113726;44;341.67;8762;217675;"1Omi And";357
8796;16.5;11;544;11443;"2Alp Tri";358
10064;20.67;16;622;13161;"4Bet Tri";359
10644;19.67;16.33;660;13974;"8Del Tri";360
10670;19;16.83;664;14055;"9Gam Tri";361
8832;7.33;6.67;546;11503;"5Gam2Ari";362
8903;8.33;7.67;553;11636;"6Bet Ari";363
10306;7.67;11;646;13555;"17Eta Ari";364
10732;6;11.5;669;14191;"22The Ari";365
9110;5.83;6.83;563;11909;"8Iot Ari";366
12332;6;17.67;773;16432;"32Nu Ari";367
13914;4.83;21.33;887;18519;"48Eps Ari";368
14838;1.67;23.83;951;19787;"57Del Ari";369
15110;2.5;25.33;972;20150;"58Zet Ari";370
15627;1.83;27;1005;20756;"61Tau1Ari";371
13702;1.5;19.67;869;18256;"46Rho3Ari";372
13327;-1.5;18;847;17769;"43Sig Ari";373
12828;-5.25;15;813;17094;"87Mu Cet";374
9884;10.5;10.67;617;12929;"13Alp Ari";375
13209;10.17;21.67;838;17573;"41 Ari";376
13061;12.67;21.33;824;17361;"39 Ari";377
12719;11.17;19.67;801;16908;"35 Ari";378
12489;10.67;19.17;782;16628;"33 Ari";379
16369;-6;26.33;1066;21754;"5 Tau";380
16322;-7.25;26;1061;21686;"4 Tau";381
16083;-8.5;24.33;1038;21364;"2Xi Tau";382
15900;-9.25;24.33;1030;21120;"1Omi Tau";383
17771;-9.5;29.67;1174;23793;"30 Tau";384
18724;-8;33.67;1239;25204;"35Lam Tau";385
19860;-12.67;36.67;1320;26912;"49Mu Tau";386
18907;-14.83;33;1251;25490;"38Nu Tau";387
21589;-10;42.17;1473;29388;"90 Tau";388
21402;-13;43;1458;29140;"88 Tau";389
20205;-5.75;39;1346;27371;"54Gam Tau";390
20455;-4.25;40.33;1373;27697;"61Del1Tau";391
20885;-5.83;40.83;1411;28307;"77The1Tau";392
21421;-5.17;42.67;1457;29139;"87Alp Tau";393
20889;-3;41.83;1409;28305;"74Eps Tau";394
22565;-4;47.17;1547;30780;"97 Tau";395
23835;-5;50.33;1656;32923;"104 Tau";396
23871;-3.5;50;1658;32977;"106 Tau";397
26451;-2.5;57.67;1910;37202;"123Zet Tau";398
21881;-0.25;45.67;1497;29763;"94Tau Tau";399
25428;5;55.67;1791;35497;"112Bet Tau";400
20711;0.5;42;1392;28024;"69Ups Tau";401
20635;0.25;41.67;1387;27934;"65Kap1Tau";402
19038;0.67;37;1256;25604;"37 Tau";403
19990;-1;39;1329;27045;"50Ome2Tau";404
19513;5;38.5;1287;26322;"44 Tau";405
19205;7.33;38;1269;25867;"42Psi Tau";406
20430;3;42;1369;27638;"59Chi Tau";407
20250;5;41.67;1348;27382;"52Phi Tau";408
17489;4.5;32.17;1140;23288;"16 Tau";409
17499;3.67;32.5;1142;23302;"17 Tau";410
17702;3.33;33.67;1165;278994;"25Eta Tau";411
17954;5;33.67;1188;23985;;412
16852;-17.5;25;1101;22484;"10 Tau";413
23497;-2;50;1620;32301;"102Iot Tau";414
24822;-1.75;54;1739;34559;"109 Tau";415
25539;-2;56;1810;35708;"114 Tau";416
27338;-6.33;59;1990;38558;"130 Tau";417
27265;-7.67;59;1985;38478;"129 Tau";418
25695;0.67;57;1821;35943;"118 Tau";419
26640;1;59;1928;37438;"125 Tau";420
27468;1.33;61;2002;38751;"132 Tau";421
27830;3.33;62.33;2034;39357;"136 Tau";422
28237;1.25;63.33;2084;40111;"139 Tau";423
36850;9.5;83.33;2891;60179;"66Alp Gem";424
37826;6.25;86.67;2990;62509;"78Bet Gem";425
33018;10;76.67;2540;45995;"34The Gem";426
34693;7.33;78.67;2697;54719;"46Tau Gem";427
36046;5.5;82;2821;58207;"60Iot Gem";428
36962;4.83;84;2905;60522;"69Ups Gem";429
37740;2.67;86.67;2985;62345;"77Kap Gem";430
35846;2.67;81.67;2808;58029;"57 Gem";431
36238;0.33;83.17;2846;58728;"63 Gem";432
32246;1.5;73;2473;48329;"27Eps Gem";433
34088;-2.5;78.25;2650;52973;"43Zet Gem";434
35350;-6;81.67;2763;56537;"54Lam Gem";436
29655;-1.5;66.5;2216;42995;"7Eta Gem";437
30343;-1.25;68.5;2286;44478;"13Mu Gem";438
30883;-3.5;70.17;2343;45542;"18Nu Gem";439
31681;-7.5;72;2421;47105;"24Gam Gem";440
32362;-10.5;74.67;2484;48737;"31Xi Gem";441
28734;-0.67;64.17;2134;41116;"1 Gem";442
29696;5.83;66.5;2219;43039;"44Kap Aur";443
32921;-2.25;75.17;2529;49908;"36 Gem";444
38722;-1.33;88.33;3086;64648;"85 Gem";445
37908;-3.33;86.33;3003;62721;"81 Gem";446
37300;-4.5;86;2938;61338;"74 Gem";447
40167;-2.67;90.67;3210;68255;"16Zet1Cnc";448
41909;1.25;97.67;3366;72292;"33Eta Cnc";450
41822;-1.17;98;3357;72094;"31The Cnc";451
42806;2.67;100.33;3449;74198;"43Gam Cnc";452
42911;-0.17;101.33;3461;74442;"47Del Cnc";453
44066;-5.5;106.5;3572;76756;"65Alp Cnc";454
43100;11.83;98.33;3474;74738;"48Iot Cnc";455
39780;1;92.67;3176;67228;"10Mu 2Cnc";456
40526;-7.5;97.17;3249;69267;"17Bet Cnc";457
45410;-2.33;109.67;3669;79554;"82Pi 2Cnc";458
44798;-5.67;111.17;3623;78316;"76Kap Cnc";459
44405;7.25;104;3595;77350;"69Nu Cnc";460
44946;4.83;107;3627;78515;"77Xi Cnc";461
46146;10;108.33;3731;81146;"1Kap Leo";462
46750;7.5;111.17;3773;82308;"4Lam Leo";463
48455;12;114.33;3905;85503;"24Mu Leo";464
47908;9.5;114.17;3873;84441;"17Eps Leo";465
50335;11;120.17;4031;89025;"36Zet Leo";466
50583;8.5;122.17;4057;89484;"41Gam1Leo";467
49583;4.5;120.67;3975;87737;"30Eta Leo";468
49669;0.17;122.5;3982;87901;"32Alp Leo";469
49637;-1.83;123.5;3980;87837;"31 Leo";470
48883;-0.25;120;3937;86360;"27Nu Leo";471
47723;0;117.33;3866;84194;"16Psi Leo";472
46771;-3.67;114.17;3782;82395;"5Xi Leo";473
47508;-4.17;117.33;3852;83808;"14Omi Leo";474
49029;-4.25;122.5;3950;86663;"29Pi Leo";475
51624;-0.17;129.17;4133;91316;"47Rho Leo";476
51585;4;127;4127;91232;"46 Leo";477
52689;5.33;130.33;4209;93291;"52 Leo";478
52911;2.33;132.17;4227;93702;"53 Leo";479
53954;12.25;131.33;4300;95608;"60 Leo";480
54872;13.67;134.17;4357;97603;"68Del Leo";481
55765;11.17;134.33;4408;99285;"81 Leo";482
54879;9.67;136.33;4359;97633;"70The Leo";483
55642;5.83;140.33;4399;99028;"78Iot Leo";484
55434;1.25;141.67;4386;98664;"77Sig Leo";485
55945;-0.83;144.67;4418;99648;"84Tau Leo";486
56647;-3.17;147.5;4471;100920;"91Ups Leo";487
57632;11.83;144.5;4534;102647;"94Bet Leo";488
52457;13.33;126;4192;92825;"41 LMi";489
53417;15.5;128.17;4259;94601;"54 Leo";490
54182;1.17;137.5;4310;96097;"63Chi Leo";491
53824;-0.5;137.17;4294;95442;"59 Leo";492
53807;-2.67;138;4291;95345;"58 Leo";493
60742;30;144.83;4737;108381;"15Gam Com";494
59847;25;144.33;4667;106714;"7 Com";495
61394;25.5;148.5;4789;109485;"23 Com";496
57380;4.25;146.33;4517;102212;"3Nu Vir";497
57328;5.67;147;4515;102124;"2Xi Vir";498
58948;8;150.67;4608;104979;"9Omi Vir";499
58590;5.5;150.5;4589;104321;"8Pi Vir";500
57757;0.17;149;4540;102870;"5Bet Vir";501
60129;1.17;158.25;4689;107259;"15Eta Vir";502
61941;2.83;163.17;4825;110379;"29Gam Vir";503
63414;2.83;167.5;4921;112846;"44 Vir";504
64238;1.67;171;4963;114401;"51The Vir";505
63090;8.5;164.33;4910;112300;"43Del Vir";506
61960;13.5;158.17;4828;110411;"30Rho Vir";507
62267;11.67;160.17;4847;110951;"32 Vir";508
63608;15.17;162.17;4932;113226;"47Eps Vir";509
65474;-2;176.67;5056;116658;"67Alp Vir";510
66249;8.67;174.83;5107;118098;"79Zet Vir";511
66006;3.33;176.33;5095;117675;"74 Vir";512
66098;0.17;177.25;5100;117818;"76 Vir";513
66803;1.5;180;5150;119149;"82 Vir";514
65581;-3;178;5064;116870;"68 Vir";515
67172;-1.5;181.67;5173;119853;"86 Vir";516
67929;8.5;178;5232;121299;"90 Vir";517
69701;7.17;186.67;5338;124850;"99Iot Vir";518
69427;2.67;187.33;5315;124294;"98Kap Vir";519
70755;11.67;188.33;5409;126868;"105Phi Vir";520
69974;0.5;190;5359;125337;"100Lam Vir";521
71957;9.83;192.67;5487;129502;"107Mu Vir";522
61740;-3.5;164.67;4813;110014;"26Chi Vir";523
62985;-3.5;169;4902;112142;"40Psi Vir";524
64078;-3.33;172.25;4955;114038;"49 Vir";525
64407;-7.17;177.17;4981;114642;"53 Vir";526
64924;-8.33;178.17;5019;115617;"61 Vir";527
67494;-7.83;185;5196;120452;"89 Vir";528
72622;0.67;198;5531;130841;"9Alp2Lib";529
72489;2.5;197;5523;130559;"7Mu Lib";530
74785;8.83;202.17;5685;135742;"27Bet Lib";531
73473;8.5;197.67;5586;132742;"19Del Lib";532
74392;-1.67;204;5652;134759;"24Iot1Lib";533
73945;1.25;201.33;5622;133774;"21Nu Lib";534
76333;4.75;207.83;5787;138905;"38Gam Lib";535
77853;3.5;213;5908;142198;"46The Lib";536
76219;9;206.17;5777;138716;"37 Lib";537
78207;6.67;213.67;5941;142983;"48 Lib";538
77811;0.5;213.5;5902;142096;"45Lam Lib";540
76880;0.33;210.67;5838;139997;"43Kap Lib";541
76569;-1.5;211.17;5810;139329;;542
73714;-7.5;203;5603;133216;"20Sig Lib";543
76470;-8.5;211.17;5794;139063;"39Ups Lib";544
76600;-9.67;212;5812;139365;"40Tau Lib";545
78820;1.33;216.33;5984;144217;"8Bet1Sco";546
78401;-1.67;215.67;5953;143275;"7Del Sco";547
78265;-5;215.67;5944;143018;"6Pi Sco";548
78104;-7.83;216;5928;142669;"5Rho Sco";549
78933;0.5;216.33;5993;144470;"9Ome1Sco";551
80112;-3.75;220.67;6084;147165;"20Sig Sco";552
80763;-4;222.67;6134;148478;"21Alp Sco";553
81266;-5.5;224.5;6165;149438;"23Tau Sco";554
79404;-6.5;219.33;6028;45995;"13 Sco";555
79881;-6.67;220.67;6070;146624;;556
82396;-11;228.5;6241;151680;"26Eps Sco";557
82514;-15;228.83;6247;151890;"Mu 1Sco";558
82671;-18.67;230;6262;152236;"Zet1Sco";559
82729;-18.67;230.17;6271;152334;"Zet2Sco";560
84143;-19.5;233.17;6380;155203;"Eta Sco";561
86228;-18.83;238.17;6553;159532;"The Sco";562
87073;-16.67;240.5;6615;161471;"Iot1Sco";563
86670;-15.17;239;6580;160578;"Kap Sco";564
85927;-13.33;237.5;6527;158926;"35Lam Sco";565
85696;-13.5;237;6508;158408;"34Ups Sco";566
85423;-6.17;235.5;6492;157919;"45 Oph";568
87072;-4.17;235.5;6616;161592;"3 Sgr";569
88635;-6.5;244.5;6746;165135;"10Gam2Sgr";570
89931;-6.5;247.67;6859;168454;"19Del Sgr";571
90185;-10.83;248;6879;169022;"20Eps Sgr";572
90496;-1.5;249;6913;169916;"22Lam Sgr";573
89341;2.83;246.67;6812;166937;"13Mu Sgr";574
92855;-3.17;255.33;7121;175191;"34Sig Sgr";575
92041;-3.5;253;7039;173300;"27Phi Sgr";576
92761;0.75;255.17;7116;174974;"32Nu 1Sgr";577
93085;2.17;255.67;7150;175775;"37Xi 2Sgr";578
93683;1.5;257.67;7217;177241;"39Omi Sgr";579
94141;2;259.17;7264;178524;"41Pi Sgr";580
94820;2.83;261.33;7304;180540;"43 Sgr";581
95168;4.5;262.33;7340;181577;"44Rho1Sgr";582
95176;6.5;262.83;7342;181615;"46Ups Sgr";583
96950;5.5;265.67;7489;186005;"55 Sgr";584
98258;5.83;269.5;7614;188899;"61 Sgr";585
97783;2;267.67;7561;187739;"57 Sgr";586
95477;-1.83;262.67;7362;182369;"47Chi1Sgr";587
96465;-2.83;264.83;7440;184707;"52 Sgr";588
94643;-2.5;260;7292;179950;"42Psi Sgr";589
93864;-4.5;257.67;7234;177716;"40Tau Sgr";590
93506;-6.75;256.33;7194;176687;"38Zet Sgr";591
95241;-23;257.67;7337;181454;"Bet1Sgr";592
95347;-18;257;7348;181869;"Alp Sgr";593
89642;-13;246.67;6832;167618;"Eta Sgr";594
98412;-13.5;267.33;7623;189103;"The1Sgr";595
98032;-20.17;263.83;7581;188114;"Iot Sgr";596
98066;-4.83;267.67;7597;188376;"58Ome Sgr";597
98353;-4.83;268.83;7618;189005;"60 Sgr";598
98162;-5.83;268.83;7604;188603;"59 Sgr";599
98688;-6.5;269.67;7650;189763;"62 Sgr";600
100064;7.33;277.33;7754;192947;"6Alp2Cap";601
100310;6.67;277.67;7773;193432;"8Nu Cap";602
100345;5;277.33;7776;193495;"9Bet Cap";603
99572;8;275;7715;191862;"2Xi 2Cap";604
101120;0.75;279;7829;195310;"12Omi Cap";605
100881;1.75;278.67;7814;194636;"10Pi Cap";606
101027;1.5;278.83;7822;194943;"11Rho Cap";607
100195;0.67;276.17;7761;228911;"7Sig Cap";608
101923;3.83;281.67;7889;196662;"14Tau Cap";609
101984;0.83;281.83;7900;196777;"15Ups Cap";610
102978;-8.67;281.67;7980;198542;"18Ome Cap";611
102485;-6.5;280.83;7936;197692;"16Psi Cap";612
104234;-7.67;286.67;8080;200914;"24 Cap";613
105881;-6.83;290.17;8204;204075;"34Zet Cap";614
106039;-6;290.33;8213;204381;"36 Cap";615
104963;-4.25;288.5;8127;202320;"28Phi Cap";616
104365;-4;286.67;8087;201184;"25Chi Cap";617
104019;-2.83;286.67;8060;200499;"22Eta Cap";618
104139;0;286.67;8075;200761;"23The Cap";619
105515;-0.83;291;8167;203387;"32Iot Cap";620
106723;-4.75;293.33;8260;205637;"39Eps Cap";621
107188;-4.5;295;8288;206453;"43Kap Cap";622
106985;-2.17;294.83;8278;206088;"40Gam Cap";623
107556;-2;296.33;8322;207098;"49Del Cap";624
107095;0.33;296.83;8283;206301;"42 Cap";625
108036;0;298.67;8351;207958;"51Mu Cap";626
107517;2.83;297.67;8319;207052;"48Lam Cap";627
107382;4.33;298.67;8311;206834;"46 Cap";628
106944;15.75;300.33;8277;206067;"25 Aqr";629
109074;11;306.33;8414;45995;"34Alp Aqr";630
108874;9.67;305.17;8402;209409;"31Omi Aqr";631
106278;8.83;296.5;8232;204867;"22Bet Aqr";632
106786;6.25;297.33;8264;205767;"23Xi Aqr";633
104459;5.5;287.67;8093;201381;"13Nu Aqr";634
103045;8;286.17;7990;198743;"6Mu Aqr";635
102618;8.67;284.67;7950;198001;"2Eps Aqr";636
110395;8.75;309.5;8518;212061;"48Gam Aqr";637
110672;10.75;311.67;8539;212571;"52Pi Aqr";638
110960;9;312;8558;213051;"55Zet2Aqr";639
111497;8.5;313.33;8597;213998;"62Eta Aqr";640
110003;3.17;306.17;8499;211391;"43The Aqr";641
110273;3;307;8512;211838;"46Rho Aqr";642
111123;-0.83;308.67;8573;213320;"57Sig Aqr";643
109139;-1.67;301.67;8418;209819;"33Iot Aqr";644
109472;-0.25;303.17;8452;210424;"38 Aqr";645
113136;-7.5;311.67;8709;216627;"76Del Aqr";646
112716;-5;311.33;8679;216032;"71Tau2Aqr";647
110778;-5.67;304.67;8544;212697;"53 Aqr";648
112529;-10;308.33;8670;215721;"68 Aqr";649
112211;-9;307.83;8649;215167;"66 Aqr";650
111710;2;315;8610;214376;"63Kap Aqr";651
112961;0.17;314.83;8698;216386;"73Lam Aqr";652
113996;-1.17;317.67;8782;218060;"83 Aqr";653
114724;-0.5;320;8834;219215;"90Phi Aqr";654
114939;-1.67;320.5;8850;219576;"92Chi Aqr";655
114855;-3.5;319;8841;219449;"91Psi1Aqr";656
115115;-4.17;319.83;8865;219832;"95Psi3Aqr";657
115126;-8.25;317.83;8866;219834;"94 Aqr";658
116758;-11;322.67;8968;222345;"102Ome1Aqr";659
116971;-10.83;323.17;8988;222661;"105Ome2Aqr";660
116901;-14;321.67;8982;222574;"104 Aqr";661
117089;-14.75;322.17;8998;222847;"106 Aqr";662
117629;-15.67;323.17;9031;223640;"108 Aqr";663
115438;-14.17;317;8892;220321;"98 Aqr";664
116247;-15.75;318.33;8939;221565;"101 Aqr";665
115669;-15;317.5;8906;220704;"99 Aqr";666
114119;-14.75;311.83;8789;218240;"86 Aqr";667
114375;-14.75;312.33;8817;218640;"89 Aqr";668
114341;-14;313.17;8812;218594;"88 Aqr";669
301;-15.5;326.67;9098;225132;"2 Cet";671
910;-14.67;329.67;33;693;"6 Cet";672
1170;-18.25;329;48;1038;"7 Cet";673
113889;9.25;321.67;8773;217891;"4Bet Psc";674
114971;7.5;324.17;8852;219615;"6Gam Psc";675
115227;9.33;326;8878;220009;"7 Psc";676
115830;9.5;328.17;8916;220954;"10The Psc";677
116771;7.5;330.67;8969;222368;"17Iot Psc";678
115738;4.5;326;8911;236122;"8Kap Psc";679
116928;3.5;329.67;8984;222603;"18Lam Psc";680
118268;6.33;336;9072;224617;"28Ome Psc";681
1645;5.75;341;80;1635;"41 Psc";682
2548;3.75;343;132;2913;"51 Psc";683
3786;2.25;347.17;224;4656;"63Del Psc";684
4906;1.17;350.5;294;6186;"71Eps Psc";685
5737;-0.17;353;361;7344;"86Zet Psc";686
5346;-2;352.33;330;6763;"80 Psc";687
6061;-5;353;378;7804;"89 Psc";688
7007;-2.33;356.5;434;9138;"98Mu Psc";689
7884;-4.67;358.67;489;10380;"106Nu Psc";690
8833;-7.75;0.67;549;11559;"111Xi Psc";691
9487;-8.5;2.5;595;12446;"113Alp Psc";692
8198;-1.67;0.5;510;10761;"110Omi Psc";693
7535;1.83;0.17;463;9919;"102Pi Psc";694
7097;5.33;0.67;437;9270;"99Eta Psc";695
6706;9;0.5;413;8723;"93Rho Psc";696
5544;21.75;2;349;7034;"82 Psc";697
5586;21.67;1.67;352;7106;"83Tau Psc";698
4510;20;358.67;274;5575;"68 Psc";699
4366;19.83;357.67;262;5382;"67 Psc";700
3885;20.33;357;230;4757;"65 Psc";701
5131;14.33;355.67;310;6456;"74Psi1Psc";702
5310;13.25;356.33;328;6695;"79Psi2Psc";703
5571;12;357.67;351;7087;"84Chi Psc";704
6193;17;2.17;383;7964;"90Ups Psc";705
5742;15.33;359.83;360;7318;"85Phi Psc";706
5454;11.75;0;339;6903;"81Psi3Psc";707
118209;-2.67;331.17;9067;224533;"27 Psc";708
145;-2.5;332.25;9087;224926;"29 Psc";709
154;-5.5;330.67;9089;224935;"30 Psc";710
443;-5.5;332.33;3;28;"33 Psc";711
13954;-7.75;17.67;896;18604;"91Lam Cet";712
14135;-12.33;17.67;911;18884;"92Alp Cet";713
12706;-11.5;12.67;804;16970;"86Gam Cet";714
12387;-14;10.5;779;16582;"82Del Cet";715
12093;-8.17;10.17;754;16161;"78Nu Cet";716
11484;-6.33;12.67;718;15318;"73Xi 2Cet";717
10324;-4.17;7.67;649;13611;"65Xi 1Cet";718
11345;-24.5;3;708;15130;"72Rho Cet";719
11783;-28;3.33;740;15798;"76Sig Cet";720
12390;-25.17;6.67;781;16620;"83Eps Cet";721
12770;-27.5;7;811;17081;"89Pi Cet";722
8102;-25.33;352;509;10700;"52Tau Cet";723
9347;-30.83;353;585;12274;"59Ups Cet";724
8645;-20;355;539;11353;"55Zet Cet";725
6537;-15.67;349.67;402;8512;"45The Cet";726
5364;-15.67;345;334;6805;"31Eta Cet";727
3909;-13.67;341;235;4813;"19Phi2Cet";728
3849;-14.67;340.67;227;4730;;729
3455;-13;339.33;194;4188;"17Phi1Cet";730
3436;-14;339;190;4145;;731
1562;-9.67;334.33;74;1522;"8Iot Cet";732
3419;-20.33;335.67;188;4128;"16Bet Cet";733
26207;-13.5;57;1879;36861;"39Lam Ori";734
27989;-17;62;2061;39801;"58Alp Ori";735
25336;-17.5;54;1790;35468;"24Gam Ori";736
25813;-18;55;1839;36267;"32 Ori";737
28614;-14.5;64.33;2124;40932;"61Mu Ori";738
29736;-11.83;66.33;2229;43247;"73 Ori";739
29426;-10;66.5;2199;42560;"70Xi Ori";740
29038;-9.75;66;2159;41753;"67Nu Ori";741
29704;-8.25;67.33;2223;43153;"72 Ori";742
29434;-8.25;66.67;2198;42545;"69 Ori";743
27913;-3.75;61.67;2047;39587;"54Chi1Ori";744
28716;-4.25;64.67;2135;41117;"62Chi2Ori";745
26594;-19.67;57.83;1934;37490;"47Ome Ori";746
26126;-20;56.33;1872;36777;"38 Ori";747
25861;-20.17;55.33;1842;36351;"33 Ori";748
25473;-20.67;54.17;1811;35715;"30Psi2Ori";749
24010;-8;50.5;1676;33276;"15 Ori";750
23607;-8.17;49.33;1638;32549;"11 Ori";751
22957;-10.25;48;1580;31421;"9Omi2Ori";752
22845;-12.83;46.33;1570;31295;"7Pi 1Ori";753
22509;-14.25;45.17;1544;30739;"2Pi 2Ori";754
22449;-15.83;44.83;1543;30652;"1Pi 3Ori";755
22549;-17.17;44.83;1552;30836;"3Pi 4Ori";756
22797;-20.33;45.33;1567;31237;"8Pi 5Ori";757
23123;-21.5;46.33;1601;31767;"10Pi 6Ori";758
25930;-24.17;55.33;1852;36486;"34Del Ori";759
26311;-24.83;57.33;1903;37128;"46Eps Ori";760
26727;-25.67;58.17;1948;37742;"50Zet Ori";761
25281;-25.83;53.83;1788;35411;"28Eta Ori";762
26237;-28.33;56.5;1892;37018;"42 Ori";763
26220;-29.17;56.67;1893;37020;"43The2Ori";764
26241;-29.83;57;1899;37043;"44Iot Ori";765
26563;-30.67;57.67;1937;37507;"49 Ori";766
25923;-30.83;56.5;1855;36512;"36Ups Ori";767
24436;-31.5;49.83;1713;34085;"19Bet Ori";768
24674;-30.25;51;1735;34503;"20Tau Ori";769
25247;-31.17;53.33;1784;35369;"29 Ori";770
27366;-33.5;60.17;2004;38771;"53Kap Ori";771
23972;-31.83;48.33;1679;33328;"69Lam Eri";772
23875;-28.25;48.5;1666;33111;"67Bet Eri";773
23364;-29.83;48;1617;32249;"65Psi Eri";774
22701;-28.25;44.67;1560;31109;"61Ome Eri";775
22109;-25.83;43.17;1520;30211;"57Mu Eri";776
21444;-25.33;40.17;1463;29248;"48Nu Eri";777
20507;-26;36.33;1383;27861;"42Xi Eri";778
19849;-27;35.5;1325;26965;"40Omi2Eri";779
19587;-27.83;32.83;1298;26574;"38Omi1Eri";780
18543;-32.83;27;1231;25025;"34Gam Eri";781
17593;-31;24.33;1162;23614;"26Pi Eri";782
17378;-28.83;24.17;1136;23249;"23Del Eri";783
16537;-28;22;1084;22049;"18Eps Eri";784
15197;-25.5;17.17;984;20320;"13Zet Eri";785
14168;-23.83;14.5;917;18953;"9Rho2Eri";786
14293;-23.5;12.17;925;19107;"10Rho3Eri";787
13421;-23.25;10.5;859;17943;;788
12843;-32.17;5.17;818;17206;"1Tau1Eri";789
13288;-34.83;5.83;850;17824;"2Tau2Eri";790
14146;-38.5;8.83;919;18978;"11Tau3Eri";791
15474;-38.17;13.83;1003;20720;"16Tau4Eri";792
16611;-39;17.5;1088;22203;"19Tau5Eri";793
17651;-41.33;21.33;1173;23754;"27Tau6Eri";794
17717;-42.5;21.5;1181;23878;"28Tau7Eri";795
18216;-43.25;22.17;1213;24587;"33Tau8Eri";796
18673;-43.33;24.67;1240;25267;"36Tau9Eri";797
21248;-50.33;34.17;1453;29085;"50Ups1Eri";798
21393;-51.75;35;1464;29291;"52Ups2Eri";799
20535;-53.83;28.17;1393;28028;"43 Eri";800
20042;-53.17;25.83;1347;27376;"41Ups4Eri";801
18213;-53;17.83;1214;24626;;802
17874;-53.5;14.83;1195;23952;;803
17351;-52.5;11.83;1143;23319;;804
13847;-53.5;0.17;897;18622;"The1Eri";805
24244;-35;49.67;1696;33802;"3Iot Lep";806
24327;-36.5;49.83;1705;33949;"4Kap Lep";807
24873;-35.67;51.33;1757;34863;"7Nu Lep";808
24845;-36.67;51.33;1756;34816;"6Lam Lep";809
24305;-39.25;49.17;1702;33657;"5Mu Lep";810
23685;-45.25;46.17;1654;32887;"2Eps Lep";811
25985;-41.5;55.83;1865;36673;"11Alp Lep";812
25606;-44.33;54.83;1829;36079;"9Bet Lep";813
27654;-44.17;61;2035;39364;"15Del Lep";814
27072;-45.83;59;1983;38393;"13Gam Lep";815
27288;-38.33;60;1998;38678;"14Zet Lep";816
28103;-38.17;62.67;2085;40136;"16Eta Lep";817
32349;-39.17;77.67;2491;48915;"9Alp CMa";818
33160;-35;79.67;2574;50778;"14The CMa";819
33345;-36.5;81.33;2593;51250;"18Mu CMa";820
34045;-37.75;83.33;2657;53244;"23Gam CMa";821
33347;-40;85.33;2596;51309;"20Iot CMa";822
33302;-42.67;80.5;2590;51199;"19Pi CMa";823
31700;-41.25;76.17;2443;47442;"8Nu 3CMa";824
31592;-42.5;76;2429;47205;"7Nu 2CMa";825
30324;-41.33;71;2294;44743;"2Bet CMa";826
31125;-46.5;74.67;2387;46328;"4Xi 1CMa";827
31416;-45.83;76.17;2414;46933;"5Xi 2CMa";828
33977;-46.17;84.67;2653;53138;"24Omi2CMa";829
33152;-47;81.67;2580;50877;"16Omi1CMa";830
34444;-48.75;86.67;2693;54605;"25Del CMa";831
33579;-51.5;83.67;2618;52089;"21Eps CMa";832
32759;-55.17;83;2538;50013;"13Kap CMa";833
30122;-53.75;69.67;2282;44402;"1Zet CMa";834
35904;-50.67;92.17;2827;58350;"31Eta CMa";835
33971;-25.25;79.5;2648;52918;"19 Mon";836
29034;-61.5;70;2177;42167;"The Col";837
29807;-58.75;71.33;2256;43785;"Kap Col";838
30277;-57;73;2296;44762;"Del Col";839
30788;-56;74.17;2361;45813;"Lam CMa";840
27204;-55.5;58;1996;38666;"Mu Col";841
27810;-57.67;60.33;2056;39764;"Lam Col";842
28199;-59.83;62.33;2106;40494;"Gam Col";843
27628;-59.67;59;2040;39425;"Bet Col";844
26634;-57.67;56;1956;37795;"Alp Col";845
25859;-59.5;52.17;1862;36597;"Eps Col";846
36188;-14;85;2845;58715;"3Bet CMi";847
37279;-16.17;89.17;2943;61421;"10Alp CMi";848
38835;-42.5;100.33;3102;65228;"11 Pup";849
39757;-43.33;104.33;3185;67523;"15Rho Pup";850
38170;-45;98.83;3045;63700;"7Xi Pup";851
38070;-46.17;98.67;3034;63462;"Omi Pup";852
37173;-45.5;95.33;2944;61429;;853
37229;-47.25;96.33;2948;61763;;854
36917;-49.75;95.33;2922;60863;;855
37677;-49.5;99.33;2996;62623;"3 Pup";856
37648;-49.25;98.5;2993;62576;"1 Pup";857
38901;-49.83;104;3113;65456;;858
35855;-53;94;2823;58286;;859
35264;-58.67;94;2773;56855;"Pi Pup";860
37096;-55.5;100.17;2937;61330;;861
37297;-58.67;102.17;2961;61831;;862
37819;-57.25;103.67;3017;63032;;863
38455;-57.83;106.5;3084;64503;;864
39429;-58.67;111.17;3165;66811;"Zet Pup";865
38414;-60;108.17;3080;64440;;866
39360;-59.33;111;3162;66624;;867
40091;-56.67;113.17;3225;68553;;868
40326;-57.67;114.33;3243;69142;;869
43603;-51.5;125.67;3535;45995;;870
42884;-55.67;126.17;3477;74772;;871
42312;-57.17;124;3426;73634;;872
43023;-60;129.17;3487;75063;;873
42570;-61.25;129;3445;73910;;874
42515;-51.83;120.17;3438;74006;"Bet Pyx";875
42828;-49;119.33;3468;45995;"Alp Pyx";876
43409;-43.33;118;3518;75691;"Gam Pyx";877
43825;-43.5;119;3556;76483;"Del Pyx";878
44816;-54.5;134.17;3634;76702;"Lam Vel";879
46651;-51.25;137.5;3786;82434;"Psi Vel";880
36377;-63;101.17;2878;59717;"Sig Pup";881
38164;-64.5;109;3055;63922;;882
39953;-63.83;120;3207;68273;"Gam2Vel";883
38827;-69.67;128.5;3117;65575;"Chi Car";884
42536;-65.67;135.17;3447;74195;;885
42913;-65.83;141.33;3485;74956;"Del Vel";886
43105;-67.33;146;3498;75311;;887
45941;-62.83;151;3734;81188;"Kap Vel";888
46701;-62.25;158;3803;82668;;889
28328;-65.83;64;2120;40808;"Eta Col";890
31685;-65.67;80.17;2451;47670;"Nu Pup";891
30438;-75;77.17;2326;45348;"Alp Car";892
32768;-71.75;89;2553;50310;"Tau Pup";893
42402;-15;104;3418;73471;"5Sig Hya";894
42313;-13.17;103.33;3410;73634;"4Del Hya";895
43109;-11.5;105.33;3482;74874;"11Eps Hya";896
42799;-14.25;105.5;3454;74280;"7Eta Hya";897
43813;-12.25;107.5;3547;76294;"16Zet Hya";898
44659;-11.83;110.33;3613;77996;"18Ome Hya";899
45336;-13.67;113.33;3665;79469;"22The Hya";900
46776;-15.33;118.83;3787;82446;"32Tau2Hya";901
47431;-14.83;120.67;3845;83618;"35Iot Hya";902
46509;-17.17;118.5;3759;81997;"31Tau1Hya";903
46404;-19.75;119.17;3750;81809;;904
46390;-20.5;120;3748;81797;"30Alp Hya";905
47452;-26.5;126;3849;83754;"38Kap Hya";906
48356;-26;128.67;3903;85444;"39Ups1Hya";907
49402;-23.25;131.17;3970;87504;"40Ups2Hya";908
51069;-24.67;138;4094;90432;"42Mu Hya";909
52085;-23.25;140;4171;92214;"Phi3Hya";910
52943;-22.17;143;4232;93813;"Nu Hya";911
54682;-25.75;151.5;4343;97277;"11Bet Crt";912
54204;-30.17;152.33;4314;96202;"Chi1Hya";913
56343;-31.33;162.17;4450;100407;"Xi Hya";914
56922;-33.17;164.5;4494;101431;"Omi Hya";915
57936;-31.33;166.17;4552;103192;"Bet Hya";916
64962;-13.67;180;5020;115659;"46Gam Hya";917
68895;-17.67;193.5;5287;123123;"49Pi Hya";918
41307;-23.25;102.5;3314;71155;;919
50414;-16.33;131;4042;89254;"22Eps Sex";920
53740;-23;146.33;4287;95272;"7Alp Crt";921
55705;-19.33;152.5;4405;99211;"15Gam Crt";922
55282;-18;150;4382;98430;"12Del Crt";923
57283;-18.5;157;4514;102070;"27Zet Crt";924
55687;-13.67;149.33;4402;99167;"14Eps Crt";925
58188;-16.17;159.17;4567;103632;"30Eta Crt";926
56633;-11.5;151.67;4468;100889;"21The Crt";927
59199;-21.67;165.33;4623;105452;"1Alp Crv";928
59316;-19.67;164.33;4630;105707;"2Eps Crv";929
60189;-18.17;166.67;4696;107363;"5Zet Crv";930
59803;-14.83;163.33;4662;106625;"4Gam Crv";931
60965;-12.5;166.67;4757;108767;"7Del Crv";932
61174;-11.67;167;4775;109085;"8Eta Crv";933
61359;-18.17;170.5;4786;109379;"9Bet Crv";934
67457;-21.67;190.5;5192;120323;"2 Cen";935
67786;-18.83;190;5221;120955;"4 Cen";936
67153;-20.5;189.17;5168;119756;"1 Cen";937
67669;-20;190;5210;120709;"3 Cen";938
65109;-25.67;186.17;5028;115892;"Iot Cen";939
68933;-22.5;195.67;5288;123139;"5The Cen";940
65936;-27.5;189.17;5089;117440;;941
70090;-22.33;198.17;5367;125473;"Psi Cen";942
70300;-23.75;199.17;5378;125823;;943
72010;-18.25;202;5485;129456;;944
71865;-20.83;202.5;5471;129116;;945
67464;-28.33;193.33;5190;120307;"Nu Cen";946
67472;-29.33;194;5193;120324;"Mu Cen";947
68245;-28;195.17;5248;121743;"Phi Cen";948
68862;-26.5;196.33;5285;122980;"Chi Cen";949
71352;-25.25;202.83;5440;127972;"Eta Cen";950
73334;-24.25;207.5;5576;132200;"Kap Cen";951
68002;-33.5;198;5231;121263;"Zet Cen";952
68523;-31;197.67;5260;122223;"Ups2Cen";953
68282;-30.33;196.83;5249;121790;"Ups1Cen";954
63945;-37.67;189;4940;113703;;956
61932;-40;185.83;4819;110304;"Gam Cen";957
61622;-40.33;185;4802;109787;"Tau Cen";958
60823;-41;182.67;4743;108483;"Sig Cen";959
59196;-46.17;182.67;4621;105435;"Del Cen";960
59449;-46.75;183.33;4638;105937;"Rho Cen";961
67234;-40.75;198.33;5172;119834;;962
66657;-43;196.33;5132;118716;"Eps Cen";963
66821;-43.75;197.67;5141;118966;;964
61084;-51.17;190;4763;108903;"Gam Cru";965
62434;-51.67;195.33;4853;111123;"Bet Cru";966
59747;-55.17;186.33;4656;106490;"Del Cru";967
60718;-55.33;191.17;4730;108248;"Alp1Cru";968
68702;-45.33;204.17;5267;122451;"Bet Cen";970
63003;-49.17;194.67;4898;112092;"Mu 1Cru";971
73273;-24.83;208;5571;132058;"Bet Lup";972
71860;-29.17;205.83;5469;129056;"Alp Lup";973
75141;-21.25;211;5695;136298;"Del Lup";974
76297;-21;214.17;5776;138690;"Gam Lup";975
75264;-25.17;213;5708;136504;"Eps Lup";976
74117;-27;210.17;5626;133955;"Lam Lup";977
73807;-29;210.5;5605;133242;"Pi Lup";978
74911;-28.5;214.67;5683;135734;"Mu Lup";979
74376;-30.17;213.67;5646;134481;"Kap1Lup";980
74395;-33.17;215.67;5649;134505;"Zet Lup";981
71536;-31.33;202;5453;128345;"Rho Lup";982
69996;-30.5;201.83;5354;125238;"Iot Lup";983
70576;-29.33;203;5396;126354;"Tau2Lup";984
78384;-17;218.83;5948;143118;"Eta Lup";985
78918;-15.33;219.33;5987;144294;"The Lup";986
77634;-13.33;215.67;5883;141556;"5Chi Lup";987
78105;-11.83;216.67;5925;142629;"Xi 1Lup";988
74604;-11.83;207.17;5660;135153;"1 Lup";989
74857;-10;206.5;5686;135758;"2 Lup";990
86092;-22.67;237.67;6537;159217;"1Sig Ara";991
88714;-25.75;243;6743;165024;"The Ara";992
85792;-26.5;236.33;6510;158427;"Alp Ara";993
83153;-30.33;230.67;6295;152980;"Eps1Ara";994
85267;-34.17;235.17;6462;157246;"Gam Ara";995
85258;-33.33;235;6461;157244;"Bet Ara";996
83081;-34.25;230.83;6285;152786;"Zet Ara";997
90422;-21.5;249.17;6897;169467;"Alp Tel";998
92308;-21;251.67;7062;173715;"Eta1CrA";999
92953;-20.33;253.17;7122;175219;;1000
93542;-20;254.83;7188;176638;"Zet CrA";1001
94005;-18.5;256.17;7242;177873;"Del CrA";1002
94160;-17.17;257;7259;178345;"Bet CrA";1003
94114;-16;256.83;7254;178253;"Alp CrA";1004
93825;-15.17;256.5;7226;177474;"Gam CrA";1005
93174;-15.33;255.17;7152;175813;"Eps CrA";1006
92989;-14.83;254.67;7129;175362;;1007
91875;-14.67;251.83;7021;172777;"Lam CrA";1008
90887;-15.83;249.67;6942;170642;;1009
90982;-18.5;249.17;6951;170845;"The CrA";1010
113368;-20.33;307;8728;216956;"24Alp PsA";1011
111188;-20.33;300.67;8576;213398;"17Bet PsA";1012
112948;-22.25;304.17;8695;216336;"22Gam PsA";1013
113246;-22.5;305.33;8720;216763;"23Del PsA";1014
111954;-16.25;304.33;8628;214748;"18Eps PsA";1015
109285;-19.5;295.17;8431;210049;"14Mu PsA";1016
111138;-15.17;301.17;8570;213296;"Zet PsA";1017
109789;-14.67;298.83;8478;210934;"16Lam PsA";1018
108661;-15;295.17;8386;209014;"12Eta PsA";1019
107608;-16.5;291.83;8326;207155;"10The PsA";1020
107380;-18.17;291;8305;206742;"9Iot PsA";1021
108085;-22.25;290.17;8353;207971;"Gam Gru";1022
104177;-22.33;278;8069;200702;"Eta Mic";1023
105382;-22.17;281.17;8151;203502;"The1Mic";1024
106327;-21.17;284;8229;204783;"Xi Gru";1025
105696;-20.83;282;8180;203585;"The2Mic";1026
102831;-17;283.83;7965;198232;"Alp Mic";1027
103738;-14.83;283.83;8039;199951;"Gam Mic";1028
